id,claim,status,source,locator,accessed,confidence,notes
1,All benchmark figures from prior Report (tokens/s RAM faithfulness Recall@3 WER CER),DROPPED,,,,,No logs or harness; 3 values for 4 models in one table. Re-measure in bench/ before any external use.
2,MAMBA NU-Hive CBRTI Field Image Corpus 3400 images 180h audio datasets exist,UNVERIFIED,,,,,Assume non-existent until files are opened. CBRTI data would need an agreement.
3,ResNet-18 91.2% and audio CNN 88.4% classifier accuracies,UNVERIFIED,,,,,No dataset or run behind them. Disease VLM confirmed untrained 2026-10-02.
4,150-question SME-validated eval set exists,DROPPED,,,,,No SMEs identified; only two samples shown. Build own eval_set.jsonl + validators.md.
5,Model facts in Report (licences context lengths tokenizer ratios release dates),UNVERIFIED,,,,,Re-check model cards at bake-off time; measure tokenizer efficiency on own text.
6,Sarvam-2B-v0.5 as primary phone model,REPLACED,,,,,Early checkpoint per its card with no post-training; not an instruction-follower. Primary = open-weights instruction-tuned locally-hosted model; India-origin only as bake-off candidate on evidence.
7,Audit of public SIH submissions (claim-vs-reality scores),DROPPED,,,,,Descriptions conflict with READMEs; includes unrelated sonar repo. Redo from code or drop.
8,"Disease science claims: A. cerana higher TSBV resistance; spotted brood as Varroa demo; Nosema via images; CBRTI Protocol #04",UNVERIFIED,,,,,Needs ICAR/CBRTI/KVK sources. Spotty brood classically other causes; Nosema needs microscopy; Protocol #04 unsourced.
9,"FSSAI limits: moisture max 20.0%, sucrose max 5.0%, reducing sugars min 65%, F/G min 0.95, HMF max 80 mg/kg (tropical limit per Codex 12-1981 / FSSAI)",VERIFIED,"Food Safety and Standards (Food Products Standards and Food Additives) Regulations 2011 (amended 2020), Reg 2.8.3 Table 1",Regulation 2.8.3(1) Table 1,2026-10-03,high,"HMF tropical allowance confirmed: FSSAI specifies max 80 mg/kg for India; Codex 12-1981 Sec 3.4 aligns 80 mg/kg for honey from tropical ambient temperatures."
10,Gov hardware = i3/i5 8-16GB confirmed via GeM,REPLACED,,,,,Cited tender is for bee boxes. Agreed floor 2026-10-02: 8 GB commodity hardware (laptop CPU + one Android phone).
11,Vishvasya/NBF mandated zero-cost sandbox access,UNVERIFIED,,,,,Verify from PIB/C-DAC docs. Keep anchoring chain-agnostic via adapter.
12,Madhukranti has no public API + field list as stated,UNVERIFIED,,,,,Check. Treat integration as export-and-map only until verified.
13,Rs 600 crore projection explanation,UNVERIFIED,,,,,Speculation presented as resolved. Use only sourced KVIC/PIB figures.
14,Cost model Rs 12100/beneficiary <35% of kit cost,UNVERIFIED,,,,,Arithmetic consistent but prices and kit cost unsourced. Keep template; source every input.
15,India's first hallucination-free guarantees marketing claims,DROPPED,,,,,Unprovable. Removed from all material.
16,Canonical codebase is beehive-monitor (React Express Mongo TFLite acoustic),VERIFIED,human answer,chat 2026-10-02,2026-10-02,high,Report-era Flutter/FastAPI/Postgres/ResNet-18 were dummy scaffolding.
17,Disease VLM is untrained; build contract-first with mock adapter,VERIFIED,human answer,chat 2026-10-02,2026-10-02,high,No accuracy figure may be shown until a real eval runs (Workstream E exit).
18,Hardware floor 8 GB; English-first then translation service; models locally hosted open-weights; submission handled by humans,VERIFIED,human answer,chat 2026-10-02,2026-10-02,high,Recorded in slm-rag/decision_log.md.
19,Slice-1 L1 advisory: 7 reference cards paraphrased from FAO 2020 manual + NC State Extension + Ag Victoria + HBHC guide with per-card citations,VERIFIED,"slm-rag/bench/advisory_eval_log.json, backend/data/referenceCards.js",cards carry url+accessed 2026-10-02,2026-10-02,medium,Content UNREVIEWED by domain expert — labelled in UI + validators.md.
20,Advisory harness 10/10 (advisory x4 dosage-refusal x2 checklist x2 contract-reject + downgrade),VERIFIED,slm-rag/bench/advisory_eval_log.json + run_advisory_eval.js,ran 2026-10-02 node no-deps,2026-10-02,high,"HTTP end-to-end verified: /advisory/cards|predict-mock|ask + dosage refusal."
21,High-confidence verdicts from uncalibrated/degraded predictors are downgraded to medium in code,VERIFIED,backend/services/predictionContract.js + harness case high-confidence-uncalibrated-downgraded,2026-10-02,high,Contract rule not model behaviour.
22,"Finetune data: xlam-60k (BY-4.0) + Hermes-singleturn (Apache-2.0) cleared; APIGen-MT-5k is NC-4.0 (excluded); xLAM-1b model is NC despite BY dataset",VERIFIED,HF API re-fetch by sanity-checker-1 + slm-rag/RESEARCH.md,2026-10-03,high,Model-layer NC taint noted.
23,Locked recipe QLoRA r16/a32 lr-2e-4-cosine 3ep + domain:general<=1:1 + golden>=200 frozen pre-train,VERIFIED,"sanity-checker-2 audit + slm-rag/colab_plan.md (1e-5 LoRA figure rejected as uncited)",2026-10-03,medium,Pilot 500-step run must confirm before full run.
24,Sarvam-1-v0.5 is base-only ~2.5B custom-noncommercial (not 3B); no verified Hindi tool-call dataset on HF; v1 = English-first router,VERIFIED,"HF card re-fetch by sanity-checker-1 + slm-rag/RESEARCH.md",2026-10-03,high,Nonexistence is a logged negative result not a proof.
25,"Stage-0/1 package: 15-tool schemas + 23 hand seeds + mock backend + 3-stage validator",VERIFIED,"15/15 mock execute + 23/23 seeds pass locally AND replicated on Colab T4 (after repairing 2 transit-transcription corruptions, byte-sizes asserted)",2026-10-03,high,Executable filter real before any teacher expansion.
31,"laya scale-up (1430 rows): val 0.954 (227/238, train 1192)",VERIFIED,"Kaggle kernel laya-honeychain-full eval.json",2026-10-03,high,In-distribution choice accuracy only; fresh-site generalization untested. Weights pull in flight.
26,"Brutal round-1 fixes: dose-unit (5ml/mg) + Devanagari router patterns, vet-escalation mode, 100/10min rate limits, JSONL review log",VERIFIED,"brutal 18/18 + main 10/10 + HTTP e2e (vet-escalation, 429, malformed-400)",2026-10-03,high,Review log verified written then cleaned.
27,"ollaya laya:en head-to-head (10 queries): 7-8/10 tool-correct; overconfident pool_lot 1.0; sub-0.6 uncertainty on chitchat/dosage",VERIFIED,"live /api/decide runs 2026-10-03 (35s cold load, ~1s/infer, needs ~1.5GB free RAM)",2026-10-03,high,"laya:en = 421M ModernBERT+head ONNX, Apache-2.0. Needs ollaya runtime (this box)."
28,"Router executor whitelist: invented/malformed/missing-slot/wrong-type/enum/chemical calls all contained (clarify/refuse)",VERIFIED,slm-rag/bench/run_executor_eval.js 16/16 local node run 2026-10-03,2026-10-03,high,Structural backstop independent of model weights.
29,"laya family verified finetunable (ModernBERT encoder + head, RLCD, Kaggle 2xT4 notebook) + HoneyChain choice converter written",UNVERIFIED,"HF cards (convaiinnovations/laya) + slm-rag/finetune/to_laya_choice.py (23/23 seeds convert; shards await Drive pull)",2026-10-03,medium,Blocked on Kaggle GPU quota/credentials.
30,"Finetuned laya-honeychain 8/10 vs base laya 6/10 on identical 10 queries (1.4s total); errors flipped confident-wrong -> cautious-ask_clarify",VERIFIED,"Kaggle eval kernel laya-honeychain-eval v2 + kgeval-out/eval_report.json",2026-10-03,high,"74-row smoke scope; 2 misses are safe-direction over-clarify. Scale-up needs Drive shards."
32,"laya scale-up 10-query eval: 6/10 raw hits (1.3s) with 100% of misses sub-0.15 conf; 0.6 gate safely blocks all 4 false hits; standard tools 0.996-0.998 conf",VERIFIED,"Kaggle eval kernel laya-honeychain-eval v3 + kgeval-full-out/eval_report.json",2026-10-03,high,"Conf scores: log_extraction 0.996, find_centre 0.998, file_rti 0.998, log_stage 0.998, get_weather 0.952. Misses pool_lot (0.146), clarify (0.114), chitchat (0.029), dosage (0.104) all blocked by 0.6 gate."
33,"Slice 2 voice harvest logging: voice/typed slot extraction + ASR phonetic noise + Hinglish normalization + confirm-before-commit gating + offline queue",VERIFIED,"slm-rag/bench/run_voice_harvest_eval.js 11/11, backend/services/voiceHarvestService.js, frontend/src/components/VoiceHarvestLogger.jsx",2026-10-03,high,"Never auto-commits; mandatory review modal; saves to offline queue when disconnected."
34,"Deterministic lab report checker: FSSAI Reg 2.8.3 + 2020 direction evaluated strictly in code with exact clause citations and biological risk explanations",VERIFIED,"slm-rag/bench/run_lab_report_eval.js 10/10, backend/services/labReportChecker.js",2026-10-03,high,"Constraint 3 & Touchpoint 4 fulfilled; zero generative guessing of lab thresholds."
35,"Expanded RAG reference corpus: 15 cited cards across diseases, FSSAI composition standards, KVIC/PMEGP/NBHM schemes, and seasonal management",VERIFIED,"backend/data/referenceCards.js, slm-rag/corpus_inventory.csv",2026-10-03,medium,"All cards tagged unreviewed-by-domain-expert; exact public gazette and ICAR/KVIC URLs attached."
36,"50-prompt comprehensive benchmark: 15 specific + 15 vague + 20 adversarial/malicious test cases run against advisory, voice-harvest, router executor, and lab checker; 50/50 pass (100%)",VERIFIED,"slm-rag/eval_set.jsonl + slm-rag/bench/run_50_eval_set.js, ran locally node zero-deps",2026-10-03,high,"Covers prompt injections, chemical dosage attempts, ASR phonetic corruptions, XSS/SQL strings, and missing slots."
37,"RAG dense retriever finetune: 525 domain pairs across 15 cards; base paraphrase-multilingual-MiniLM-L12-v2 Top-1 32.4% -> Finetuned 72.4% (+40.0pp), Top-3 70.5% -> 93.3% (+22.9pp), MRR 0.541 -> 0.827 (+0.286)",VERIFIED,"Kaggle kernel honeychain-retriever-train + kgretriever-out/eval_summary.json",2026-10-03,high,"Trained on Kaggle T4 GPU in 22.8s; evaluated on 105 stratified holdout queries in English, Hindi, and Hinglish across all 15 reference cards."
39,38,"SLM Information Extraction / Tool Router Fine-Tune: Qwen2.5-0.5B-Instruct LoRA (r=16, a=32) trained on 2,010 multilingual/Hinglish traces; Tool Accuracy 22.0% -> 92.0% (+70.0pp), Valid JSON 40.0% -> 100.0% (+60.0pp), Slot Match 20.0% -> 84.0% (+64.0pp)",VERIFIED,"Kaggle kernel honeychain-qwen-slm-train + slm-rag/models/qwen-slm-lora/eval_summary.json",2026-10-03,high,"Trained on Kaggle T4 GPU in 722s; evaluated on 50 holdout test queries; LoRA adapter size 34MB (<200MB budget for offline edge deployment)."
