source,licence,language,extractability,review_status,notes
FAO 2020 bee-disease manual (ISBN 978-92-5-132664-0),FAO open knowledge (facts paraphrased),EN,web-readable,unreviewed,"Cards: varroa nosema; https://openknowledge.fao.org/items/da3cfca3-2f99-40fb-9899-3fcf4da6f484"
NC State Extension disease management guide,Extension publication (facts paraphrased),EN,web-readable,unreviewed,"Cards: afb efb sacbrood; https://content.ces.ncsu.edu/disease-management-and-guidelines-for-the-honey-bee"
Agriculture Victoria field diagnosis page,Gov extension (facts paraphrased),EN,web-readable,unreviewed,"Card: chalkbrood; brood-disease field signs"
HBHC foulbrood confirmation guide (2022),Coalition guide (facts paraphrased),EN,PDF readable,unreviewed,"Card: inspection-checklist confirmation methods"
FSSAI Food Additives Reg 2011 Reg 2.8.3 + 2020 Gazette,Public Govt Gazette (facts paraphrased),EN,PDF/web-readable,unreviewed,"Cards: fssai-honey-composition (moisture 20%, sucrose 5%, HMF 80 mg/kg), fssai-adulteration-markers (SMR/TMR absent, C4 7%)"
KVIC Honey Mission Guidelines (Gramodyog Vikas Yojana),Public Govt Scheme (facts paraphrased),EN+HI,web-readable,unreviewed,"Card: scheme-kvic-honey-mission (10 bee boxes, equipment, 80% grant, 5-day CBRTI training)"
MSME PMEGP Scheme Operational Guidelines,Public Govt Scheme (facts paraphrased),EN+HI,web-readable,unreviewed,"Card: scheme-pmegp-beekeeping (up to 50L manufacturing / 20L apiary, 15-35% margin subsidy)"
NBB / MoA&FW NBHM Operational Guidelines,Public Govt Scheme (facts paraphrased),EN,web-readable,unreviewed,"Card: scheme-nbhm-mission (Mini Missions I-III, Madhukranti traceability integration)"
ICAR-AICRP Good Management Practices & Seasonal Bulletins,Public Research Extension (facts paraphrased),EN,web-readable,unreviewed,"Cards: seasonal-monsoon-management (drainage tilt, dearth feeding), seasonal-spring-honeyflow (supering, swarm check)"
PAU / ICAR Summer Heat Leaflet,Public University Extension (facts paraphrased),EN,web-readable,unreviewed,"Card: seasonal-summer-heat (shade, water <50m, comb melting at 42C)"
BIS IS 4941:1994 Honey Specification,Public Standard (facts paraphrased),EN,PDF readable,unreviewed,Referenced for optical rotation and Fiehe test limits
CBRTI Pune Technical Bulletins,Public KVIC Institute (facts paraphrased),EN+HI,print/PDF readable,unreviewed,Commercial honey production and queen rearing bulletins referenced

